title;company;salary;location;post_url
Carpenters/Carpenter Apprentice/Labourers;Heatherbrae Builders Co. Ltd.;None;Vancouver, BC;/pagead/clk?mo=r&ad=-6NYlbfkN0AJzDcWE9tCxC00bafy-sY5Si3tTlCU8xLqcLjIdJMVfkKVNlnmzk94zhgzct2ewaBSvEHg5_Hc3a57vH1qKEbn5hoN5f_UTTzr1juVFlNKUI5gnT2rflk0uIU04CPOyG8kEDO2aucJG6I80BIn05A98U-U7cSzUPS_MAueWq5A5fKis8Pmhvs0joUrmQEdZrEIM3Ssg0yG1lOlVT2v1VTv1ye1AGMQXdKc_WCIf-KJj2CSETnRvBop9_rdMW7UDcqO7IYWzKCUt8nNA5c3K5Mqc-fcFmdQgDMExlHbgsT0uu8x9zwoFyQVARKgcI_J0ObDtwK1D7UCbxzhcKXNsQA4H21_W0n0Io-nusi_zORc_kSu_DhbvM0B9fJ4TroC1MWtH3JLynFuU-T6sD951X22sc_lORfyz1Vz4OP-0-X-Pg3rHbK1NC2_RYGWX-uvsBW_CMJPNz4Lc5xuBPYaZqpmUtd5LD8LyljvvO2Dg2wA6w==&p=0&fvj=1&vjs=3
Framing Carpenter;Harewood Construction Ltd.;$27 - $30 an hour;Vancouver, BC;/pagead/clk?mo=r&ad=-6NYlbfkN0A494VTyWNwcZ-3wYIPTACD8ZfnOfdKHEYJ01b8ZmVEnvRwovkhrS-kXwatxb7ESn-xRMjaNa9MFqm9a0AKn4HgjfMR6cUx--kLYDeuS7qzDVwQg3DnqOzjpk68WiG949TnyqaW_sVjj9fxGH-OoL3KtfbuVplLl0I8rcfwWlMzrCcJ8kIBtFVONgX_jOFFe8gen0uGsMUaJa74JH2Cep7NltIrxv2cii9fvclcCty6-F1Y6EWhBIQDaJoRugAUyY3qvLPfPc3EJq62k6qaB8uaDDSlo8XrhSJ1R2TkYRNdmqyCN-HqBAbhUKa6aIRMbYUALlCq-Ea8kE4AdEvqxxiX77wbvrzvriLHupKZiPUQRj5WBVdGtLHrCZMD07zKQDaENQpdUycI7ORqw94-2wD8TktMpcRXfvp6heJXGzhgOBHr4skDuxr-R3XUpSjDGpe5sgxTThro1A==&p=1&fvj=1&vjs=3
Apprentice Carpenter;Coastal builders;$20 - $22 an hour;Vancouver, BC;/pagead/clk?mo=r&ad=-6NYlbfkN0AKO2dQQDYQ5BAKtFqqtpwcfFUGX7-sJjLFv6nlV3ZNlkm6-taUH3vA3vVHvw-nhR3vJecpfC10k22d2HMe6vhHLH--88EFFCkPigZNOiNGUwprTOf8MT5wz_OFW5J4i0K3GgcOKfHAoFUm6kUw-HFMTXtc5OlMIeGi7SHAfUekTqXejEAGKhmS2WvLZQBJLcOvsMnjt3EXGdcVc8IX-sYpvY2izhLdByjxUQWeGcl9TySKttzX2zYNDqbniN-_Yl-h85Rw-atYAScDFQs5t1N4bEd381Q9mJ_5ac6XbW4NmmfFigw2Eo-tl1CI_oFiUOKTsIBSAWvjQq2dD06gGf8Iu87Q8lOxCmkr-fvTia7ljQ-2ycXdcB279gyP0XPtVcmhG5Q3GLvTPBC9shaOIz-NVpnN04KGKzaauNT6A2GVpwX-kPWFsB25x5iKk1g6zk5pKNHeJhsZZqpKf60YoRP2&p=2&fvj=1&vjs=3
Carpenter;Centra Construction;$25 - $35 an hour;Vancouver, BC;/pagead/clk?mo=r&ad=-6NYlbfkN0Da-VEqSSxW5mMKUC1MpqtY0uCSX1Kxjbi3GcOqruWaXVA5EsHtaqOZuTLeVV8UEu2PCbsHLJvRbvE8PheyWRvGydgipjOUpk08aXShbAYz5X2K_J_GtLiEezIZ8uzRVDb1ExBgXkdACpP6ZkQL9rtfzY8jYwT3CZSdnY244sEII3-L5FFUMoCRnAfH416Wpy4kNd2HSOgdmc9Qrds1JmesdthtdYrZtizCc8JC43rqnSZmb_OW2DZUMXP88F8ezhLjCTB0275CdZrFv-MslPNA7ukOwfLSWwJHQ2AYXMDtjbNhgzcxovXtmbD9OLdNGH7g58Hun2pcPfbheb9Vjdj9SMUFcoz48lJtdCKINEC53M3N9Qr4WAiBbKU9nA0Q3PvUEZl-4Ia-5Q0J2MrMGbjZXaGHXfb6XXBZ_WzEEZ2LPn0pQGrST1Lu7_CEFUZGRwudzXtVlipFfw==&p=3&fvj=1&vjs=3
Apprentice Carpenter / Carpenter (Level 2-4);Unitech Construction Management Ltd.;None;Richmond, BC;/pagead/clk?mo=r&ad=-6NYlbfkN0DgdpXyOwyqbxYmn-8TMYHn1ifJDYPvZw1jEky6vmESELjs2yeESCHRkMC3n7BZZerf5a6tu05-_qCttwfmBTjDnC41l3J4drbYOK31rbGOs1TRBKwx40FutWHmXfYzeSSKQijsbHQCKj7MiBzSgdLtMqV4kZ1FCPOKcM_Mvm236pyanYHKSnLMtdxv60TDdVDosVomlQbHEUW_tALNs9j_CsSO8Vp6aDxh0vB2pj4OnJZ3lCLXubnqtlMTxx8pmTugek03jH8n5HQQblX-NmGQPtimIox1M-jIhSQsxkVPaFGe6h5rKbTK1uJiXLtUwBq-RsP0ihcFMdR3npwNqfxUJUjbr-EP66Pt541qo-qI2D8_yfkEn45MwVxWniDVGH73ew4925nQgUkN61HAEC9oBr4EpmscM6QmgeReN1YWVTnb1RHBrFn8uF-UOLWzdf841LG7Y4bJQAcR3EIjDANfM2MtXEnOMn4W12hbFprtoQ==&p=4&fvj=1&vjs=3
Formwork Carpenter;Jacob Bros Construction;None;Vancouver, BC;/pagead/clk?mo=r&ad=-6NYlbfkN0AvEm4OK8SvGSTeUkji5TJ5dVMDCciyfMXo0zdvuUr5r7-AK9JRuPlJ0GrabLnV6hEti4kozxUvhxWL0V0RXgPd-DBFWwHiNFJupwmC4sgigQ8c7ULfSss_1MeJZy3DG8xnFr_tAiOmmf1LuqZZvkrOl9iWsraIfm2Baht4cLTCbfi6GXMb0jnP5kN5rYL-n8Yn9dd8HabqM9VYcUPBPJPWLsaix2_l6ibnHWIJCbwOEqhQHxMCE1FaZBcXLUivp0ipjxe4-a3cSqZ0YajG6APHiGTrSgR3hAgWzwAU_L3ZZyPxzyZLEvznBCUyfxDo-QzMF_JaJKy4LFcZ1RQNRV3UizDVgqPx41TopUzwhyIK0EXFC45Bo7CT4IZTqI0FnlH7FXnyo3-rg0OJ1U86BAKSWmXJ2RaPhffghVT3_ImqxZD1tlML4UthfNikBzdoVkp1QsP0pt4GZbPH5pcEzaN4cvyXpSPnJC9W-pPsNXhqtwoqkF5enBMlAzvH2fgRvpfAUUHoTLI7WGyBDFUofo_HLvB1dyz7iLw=&p=5&fvj=0&vjs=3
Carpenter and Carpenter Helper;Unruh Group Construction Ltd.;$25 - $30 an hour;Vancouver, BC;/company/Unruh-Group-Construction-Ltd./jobs/Carpenter-Carpenter-Helper-8090fe754429edbd?fccid=8bda25cb533ce1ff&vjs=3
Framers;Red Line Framing;$52,000 - $62,000 a year;Vancouver, BC;/company/Red-Line-Framing/jobs/Framer-4689a5c3e9c04f49?fccid=d47ac700c2a299d3&vjs=3
Formwork Carpenter;Glenform;$23 - $40 an hour;Vancouver, BC;/company/Glenform-Construction-Ltd/jobs/Formwork-Carpenter-2953ca43bc80c3f1?fccid=8c187bec55e4808f&vjs=3
Formwork Carpenter;Canmex Ltd;$25 - $32 an hour;Vancouver, BC;/company/Canmex-Ltd/jobs/Formwork-Carpenter-2f752b2028204ae7?fccid=983221ce2ea62cf8&vjs=3
General Labourer;A Few Good Lads;$18 - $23 an hour;Vancouver, BC;/company/A-Few-Good-Lads/jobs/General-Labourer-98a89a9a88db9a0f?fccid=c398e1e55d5434ba&vjs=3
Formwork Carpenter;Canmex Services Ltd;$25 - $32 an hour;Vancouver, BC;/company/CanMex-Services-Ltd/jobs/Formwork-Carpenter-6e6b1b33c2a4a2bf?fccid=0eab32f17baf924c&vjs=3
Carpenter;Norum Construction & Renovation;$20 - $35 an hour;Vancouver, BC;/company/Norum-Construction-&-Renovation/jobs/Carpenter-39712ff327fed6be?fccid=a03de675e6400b83&vjs=3
Carpenter;Vancouver Coastal Health;$32.84 an hour;Vancouver, BC;/rc/clk?jk=17f1dfde65173d0c&fccid=3513825c36972737&vjs=3
Carpenter and Carpenter Helper;Unruh Group Construction Ltd.;$25 - $30 an hour;Vancouver, BC;/pagead/clk?mo=r&ad=-6NYlbfkN0DpLp8VAw1wjWi-PsXRxJNrUV9ArzFxT-0C6y_rYQyBMgBMMbnBLGFw9HNWkYTTOgUDN2VA-y3SJdgk8hN2tRJ-z9BGdGys_4m_ls6tULCjdb3SfKKLjBh-M-4ugKclBqcXl8OnARE557QlC5ieixiYF_kLN6ru106N2_Vafgp6N1Q_-wQ2GnZx430F8k6_9mTTtzzcC7jE3b7txIisWWAxtw1xqYGxikZbNiHOddZ8sv29ru-fJ-Pg6X8bYaDiSpcFcMjJkq9aKXhp0UR_VT2KOL5_lSiy_U3DqfPYM95zIgJESriTTnPMxeJdlfAwpD0Xam4yzOq1_PNXYBhWv0eTVKZKUVaSpPT9td9RTNBO6X_oEYjcE8U2_pywmsqUxFi1_G0uPsmriHiqtm04CJ-0RYY3bXuVhO4ULHYkxxwRU_45QvlmBqzj3eW944hoWL5dtTyIkdvrs5VgOi6KjmtT&p=14&fvj=1&vjs=3
Carpenter;1171346 BC Ltd. dba Solidrock General Contracting;$23 - $28 an hour;Metro Vancouver Regional District, BC;/pagead/clk?mo=r&ad=-6NYlbfkN0C-u-hOP0i9uPHHNw36REFSjax78krsMPBkWNE2ilqZ42u1ml_Wr1f-UlmHOM1bHZOa8FooZAfz_0SDVap_Rzz1mUWnTF14XH7duwVffrAifHpU2ecCoXWFzCfsgomXUtP-cFjM7CXiOiUO9hyJ810MEkpvcI8Aiif1MSl-siZHH8JQj0GwHf9B0cVt39bw_LyTkWZvElsCYlw59vT3wtKzSafwH9ykEydBYK-PXHUgEqev-jMXVJVBnjEIeqz8a95P8-ciAXh72cMKz7QY3eMQvya-pGYHiRckJDj59FTavQQUNPUnwMod0jBqWq_kaUOlTs27h3eiySLoAhATzRR9UFVVpCLlE5R_kFoMHG9bqU4DYK1PSgiVV0elAbxX8O56plu4ZAgASm7K0-Ndo142J616kEkkH0LosAopZSwIfYKcuPI-XXOg4YdLgKmVrus=&p=15&fvj=1&vjs=3
Apprentice Carpenter;Coastal builders;$20 - $22 an hour;Vancouver, BC;/pagead/clk?mo=r&ad=-6NYlbfkN0AKO2dQQDYQ5BAKtFqqtpwcfFUGX7-sJjLFv6nlV3ZNlkm6-taUH3vA3vVHvw-nhR3vJecpfC10k22d2HMe6vhHLH--88EFFCkPigZNOiNGUwprTOf8MT5wz_OFW5J4i0K3GgcOKfHAoFUm6kUw-HFMTXtc5OlMIeGi7SHAfUekTqXejEAGKhmS3Ts8Fu9w5THq-o0DBf6-tgnForVajbrO9JB8Co1b_ox0c-UjdkZV-QoNVht02ShK735CixLHOtr5yuYMp4EXUL0HnhuP3IBCiNaicxQFCnWWNwdzNHaIuov9EnhT9hVkWkGAOAPd3j191Viip8_gCuENeAEX5oohdve_-oT7rxKDlCN79E9q8vR7Ohce5E7IRoMHo9BvhdkuBTAKq7MnpZse-KTs1fslbWa9OaaPYhYt1QQ1Y6B4jDO0oPfpf1mrg7MWn5BCl6NO_X7cxB-Na8plqtSjpb2E&p=0&fvj=1&vjs=3
Framing Carpenter;Harewood Construction Ltd.;$27 - $30 an hour;Vancouver, BC;/pagead/clk?mo=r&ad=-6NYlbfkN0A494VTyWNwcZ-3wYIPTACD8ZfnOfdKHEYJ01b8ZmVEnvRwovkhrS-kXwatxb7ESn-xRMjaNa9MFqm9a0AKn4HgjfMR6cUx--kLYDeuS7qzDVwQg3DnqOzjpk68WiG949TnyqaW_sVjj9fxGH-OoL3KtfbuVplLl0I8rcfwWlMzrCcJ8kIBtFVOtD0dRlOkDUR3J8NUI6-haXAxb6y2GEh56GeTsqw7ikQ1ua-bci8jYRpMA69ZdergQKScy5sNCqf3qO3ohUDVtpVsIqnp9xq45E1AcFcpYqLKbNW2SoC4Sf4Y4HVMGZ6yowyKTFyefq6xeXubDemt2yKnnu4j7hfGEMnGMQXixl5ukXwB3Y-Gf_-SXktPJPb8fcwHT2JN5IWIiq3eNima8Pk-Dpqp9ovef0cZIuPwdSIiNPa5SohTVhF0yRr_ZOVIMBzxD1IzqMUkqJDNX_fmIg==&p=1&fvj=1&vjs=3
Carpenter and Carpenter Helper;Unruh Group Construction Ltd.;$25 - $30 an hour;Vancouver, BC;/pagead/clk?mo=r&ad=-6NYlbfkN0DpLp8VAw1wjWi-PsXRxJNrUV9ArzFxT-0C6y_rYQyBMgBMMbnBLGFw9HNWkYTTOgUDN2VA-y3SJdgk8hN2tRJ-z9BGdGys_4m_ls6tULCjdb3SfKKLjBh-M-4ugKclBqcXl8OnARE557QlC5ieixiYF_kLN6ru106N2_Vafgp6N1Q_-wQ2GnZxV0iaBposihj892BYj18gzoC3Owz-CP2kW7Ji0Qu_hgLmP_ZB4j5kZ2kSbr9FrP4ySPeigGh_eG4rJH1VeZvSpxuL7k9_1WLOWLjYWTfYkc3Mn4XX1vyv5VopzcXBWDHZtFVr2etAlrz_68jDY3gpqTX4fkwt8AsOfnwkl1atxXuN2O4m2q-7MWgFwcwUbKlOVN7GHNnLzby5w2pjbxWdxjeFbsC_HTHgaO4t6OaGH3KBN5fTpX8745o_gFA8kTg6hH4QEw3by0regrua8A8vMcdXDCu9ANQe&p=2&fvj=1&vjs=3
Formwork Carpenter;Jacob Bros Construction;None;Vancouver, BC;/pagead/clk?mo=r&ad=-6NYlbfkN0AvEm4OK8SvGSTeUkji5TJ5dVMDCciyfMXo0zdvuUr5r7-AK9JRuPlJ0GrabLnV6hEti4kozxUvhxWL0V0RXgPd-DBFWwHiNFJupwmC4sgigQ8c7ULfSss_1MeJZy3DG8xnFr_tAiOmmf1LuqZZvkrOl9iWsraIfm2Baht4cLTCbV3MUNJd7PiTnWOJ7vI6rCkZHMQk-1_r3GzvHmp5WYIjDubrdEvujhX2bOxaiWTdyFbXXClUTRXzAHnH9RJ0rHwBTIVdllY01orI9jwjZpVoLlDTzdCvS3BRT1vZwxUw6U-VgBVbCJDZW0LkJtDDTlrpspXJuBsJOEJz0UMDwx42KovjEx9JxL-esfPrUWL1E37wo9n0LbYY5zYSfNSXvXl3uVPW333vgHTZ1-ED9U7nkRK0WllW8Uz9LJo4C0Smgzci-uYtgaj1EwJk3QbFbM3V5RgJwWC6ntW59IjVNpTZ2bm5Px_D_et_zxEEZARkxGXlgbND-QzHc6hBdy-qI_MO47Nkc5TD5z7ZFVhaMlQuJvr6s7KEgH0=&p=3&fvj=0&vjs=3
Carpenter;1171346 BC Ltd. dba Solidrock General Contracting;$23 - $28 an hour;Metro Vancouver Regional District, BC;/pagead/clk?mo=r&ad=-6NYlbfkN0C-u-hOP0i9uPHHNw36REFSjax78krsMPBkWNE2ilqZ42u1ml_Wr1f-UlmHOM1bHZOa8FooZAfz_0SDVap_Rzz1mUWnTF14XH7duwVffrAifHpU2ecCoXWFzCfsgomXUtP-cFjM7CXiOiUO9hyJ810MEkpvcI8Aiif1MSl-siZHH8JQj0GwHf9B4J_R_7-GhZpNpN7SPoHFvnCVIF_7rdF1w1YrIqG7HR9qEhNmo8ywXMK3SkmsbZI-DwvmDZDp3k-74H_ZY4GxWFijp0LOT4x2tHayxp78psdW6Rx3aRuCIxwlotEYOcfN8dXiHiwN7LBRb8hjH7JAjrcgchfW0Am3GckoAEB0loaVxcv6DpzBHcKDNGpYiZcT7tPIu8MqvS4WJkIfEoZSYbdAG9rSICoiBrq4T36Bzl7Gntfy9KThr5fzFxBpMuHjZeptw7MB6-8=&p=4&fvj=1&vjs=3
Framing Carpenter;Klondike Contracting;$30 - $40 an hour;Vancouver, BC;/rc/clk?jk=a49a052f1dcb0870&fccid=201dc1c77939dabe&vjs=3
Construction Carpenter/ Carpenter's Helper;Swick's Organic Landscaping;$22 - $30 an hour;Vancouver, BC;/company/Swick's-Organic-Landscaping/jobs/Construction-Carpenter-93333fc889f8f8ac?fccid=07dffcf08a71bb36&vjs=3
Experienced Carpenter;Coyle's Construction & Custom Carpentry Ltd.;$25 - $35 an hour;Vancouver, BC;/rc/clk?cmp=Coyle%E2%80%99s-Construction&ti=Experienced+Carpenter&jk=cfe8eb5dd2c23996&fccid=e3170daecb0015db&vjs=3
Framing Carpenter;SHL construction Ltd;$27 an hour;Vancouver, BC;/company/Shaminder-Gill/jobs/Framing-Carpenter-533e18911263666d?fccid=5e22b14d7ee6c48d&vjs=3
General Labourer;A Few Good Lads;$18 - $23 an hour;Vancouver, BC;/company/A-Few-Good-Lads/jobs/General-Labourer-98a89a9a88db9a0f?fccid=c398e1e55d5434ba&vjs=3
Carpenter & Carpenter Apprentices;ALE Construction Ltd.;$37 - $41 an hour;North Vancouver, BC;/company/ALE-Construction-Ltd./jobs/Carpenter-Carpenter-Apprentice-fd20648afd6120e7?fccid=801a2b7b36a34ad6&vjs=3
carpenter;Kingdom Builders Inc;$30 an hour;North Vancouver, BC;/rc/clk?jk=fcf6939b7c533fda&fccid=705a4a7bf953deae&vjs=3
Formwork Carpenter;Cambie Forming LTD;$23 - $32 an hour;Burnaby, BC;/company/Cambie-Forming-LTD/jobs/Formwork-Carpenter-8c25cdfb892b4827?fccid=026903dea58c5833&vjs=3
Concrete Formwork Carpenters/ Apprentices;Raven Concrete LTD;$22 - $30 an hour;Vancouver, BC;/pagead/clk?mo=r&ad=-6NYlbfkN0DfztUpbJSaAnRY7O1oXGa1HBlWS5sqyaJCTnHc-p-ca8_wcRn-zmCWO7zgdg5tsjcDCvxK7GoVFdZGDHC-yhdSJu9uwnSmyeEq5ILTLH8RlNrV7_1sCtcAY6lAPqpokEl1by349xVuTQBI_kzIbhft-CINe_8BoQUst7gdmNAb-YDyrnGz7_InIAGMdRC7V-m8enMbPelxEL7OPDAdTlggZ5J6htKli2wDVSm8PScTpBAy7baIUyIssSaTl9MuUGOJUnRfMfVo4xFUmqh3MGea94R3OyX5e0lLn6kAHHUvUWcdZ1VXgVjf8pxszyuPAbJ-XPiZ7zz-2ozs0uUIBWUWvq3EvQez_ogv-7vBAV6C9EKJuzrdPhXTtW0A-xCj67nZC21iNXUBVYYmajS4nCL5_Mi-tY3sJ3x8h3IDvfF6_vXhCiiqJIn0D2zYCVK-9iZ7QkWyg58xrYlF5rjIMPzVvr5uqPu6L_k79prkjJRnxw==&p=13&fvj=1&vjs=3
Carpenter;Centra Construction;$25 - $35 an hour;Vancouver, BC;/pagead/clk?mo=r&ad=-6NYlbfkN0Da-VEqSSxW5mMKUC1MpqtY0uCSX1Kxjbi3GcOqruWaXVA5EsHtaqOZuTLeVV8UEu2PCbsHLJvRbvE8PheyWRvGydgipjOUpk08aXShbAYz5X2K_J_GtLiEezIZ8uzRVDb1ExBgXkdACpP6ZkQL9rtfzY8jYwT3CZSdnY244sEII3-L5FFUMoCRcR5anoqG8yyp7Dgf178zKz8WzCjwxt6BuqoJjh9Ax5sTAC8u26ugIj5r9RZNs_cu6_nXW74KZyCHmeapaQvK_C2ZkZIvxM6crEDkyhNAPy_QqHEkW89o1b5IJePLC7Dc06ZzWFFiETl1gXOT56Y0cBk6v9z0gJBcN2LYL_tF2aUvgcBq7ZOaa5cYEThZZsFdXMbqun0L4Hn7YOD2debcyBf7OH94SYa-gd629DD-_zlnjwJ6p-3iQ94lxthy8CgFSt0eFk5NUTci2y1vlh8vKg==&p=14&fvj=1&vjs=3
Carpenters/Carpenter Apprentice/Labourers;Heatherbrae Builders Co. Ltd.;None;Vancouver, BC;/pagead/clk?mo=r&ad=-6NYlbfkN0AJzDcWE9tCxC00bafy-sY5Si3tTlCU8xLqcLjIdJMVfkKVNlnmzk94zhgzct2ewaBSvEHg5_Hc3a57vH1qKEbn5hoN5f_UTTzr1juVFlNKUI5gnT2rflk0uIU04CPOyG8kEDO2aucJG6I80BIn05A98U-U7cSzUPS_MAueWq5A5c1SDMU_fDAVxIlnQkljBTko2wQlC2xeJphWsF4KDAYgjXhNfWv1bRpa9O0ZCjR95F7nz3-gh9F6t3Rm1WAX6AT4xROAQohfssihC4fi07KiEUNaS-vFbNqpMqt4wHil0ZPArVrAW_xK6lHJPaKC3NCn9nF8M9fgqb-pDu8zo9zchbQIye857X3AoBYmGeoDem-_EJYbvJsLgoo-JBkW2XS2DIDyfLtVjqrWWKbYNFJkpOO1QTuk0nICNENjeqycGBaXGD9zoHvgXayggrKA9oJuEmqAQi7SwbEzv_Yt6a4unMCks0KlIaNTH2yl8afUDQ==&p=15&fvj=1&vjs=3
Building Envelope/Exterior Restoration Position;The Restorers Group;None;New Westminster, BC;/pagead/clk?mo=r&ad=-6NYlbfkN0CvYV6M5-17nhqwQgoI9AP4r5AVNrR3yzgL64BqNYRIx2cGyAzWbEORuIIZqAizzo3mtkZoVRuzn1OwKvfxEnZUj0nYpPDdJKB1zEFhUgDFzJKkpILFI6_mNgIZl88v4TigODEjpWSOGxFqbWsNfcpaHopgyvIIKFbiK-_MBKbGBGfOC911gzWBThD_yYoS3g2PLgoyt1ljbSNZc7TxSPg8eCwzRQN-c9PFi1FJR9YNhScoyTmC4FQk_yXtlC7JQmVpkZxX45nc_DdBlUz68HT7_jCO3OxnHSQx0Qk1eZrF7I7qyrUKvXP_4OKWA3E-6V9qrGQ63ik4GsLX6APK7nW-v4qnyaav7nsVlJMqv848QpcR1KlLWPwiPgnaFqYN70LWGkhfF0Hhoi3Auw0BvMq7sZ6x0MUEsXCxXxUruAHm2Q2sZ1j20lw9egdIjGr7J0JQ2azEUv_sNFhX1rbsRMYgQbwaIcLzZaCBOVDGcDwr7r7b_dcCJpQf&p=0&fvj=1&vjs=3
Formwork Carpenter;Cambie Forming LTD;$23 - $32 an hour;Burnaby, BC;/company/Cambie-Forming-LTD/jobs/Formwork-Carpenter-8c25cdfb892b4827?fccid=026903dea58c5833&vjs=3
Experienced Carpenter;Coyle's Construction & Custom Carpentry Ltd.;$25 - $35 an hour;Vancouver, BC;/rc/clk?cmp=Coyle%E2%80%99s-Construction&ti=Experienced+Carpenter&jk=cfe8eb5dd2c23996&fccid=e3170daecb0015db&vjs=3
Carpenter;Langford Innovations LTD.;$32 - $42 an hour;Vancouver, BC;/company/Langford-Innovations-LTD./jobs/Carpenter-2824e1c7bb06ffb2?fccid=5d5e7244df6c715c&vjs=3
Framing Carpenter;Plum Framing & Forming Ltd.;$18 - $35 an hour;Vancouver, BC;/company/Plum-Framing-&-Forming-Ltd./jobs/Framing-Carpenter-a48fd7ac3b7b72a6?fccid=7524bf3dc21dc434&vjs=3
Carpenter & Finishing Carpenters;Primavera Construction;$50,000 - $65,000 a year;Vancouver, BC;/company/Primavera-Construction/jobs/Carpenter-Finishing-Carpenter-93ba18f2407d22fc?fccid=f406f497d466d7c8&vjs=3
carpenter;Kingdom Builders Inc;$30 an hour;North Vancouver, BC;/rc/clk?jk=fcf6939b7c533fda&fccid=705a4a7bf953deae&vjs=3
Carpenter / Carpenters Helper;DGS Construction Company;$18 - $31 an hour;Vancouver, BC;/company/DGS-Construction-Company-Ltd./jobs/Carpenter-d17139454fd281e5?fccid=a8de09e626fe8f9d&vjs=3
Carpenter;Century Group Lands Corporation;None;Delta, BC;/pagead/clk?mo=r&ad=-6NYlbfkN0BQdvH44hmjmKb8zwHmkqLNRH9_fNOKSZapc74FSZaUqRy2LhxbKBU06WT0k89gBRjdI22wCGZAttwkEmUsbjnD8hZWSM2WRZdax9bw8a4hqPZPb-eZDhUg9bYkKCRDWZXIMQiQocnjXM5Lvzh9hgCRyJ-I3aUAAMSnQstdcLIF3gw4okf58P0CRQ3Ptawmp1hmX8I6Y5CPnFTnRX5VV1Q3vUIz49pDAUMhiJp_xRPpTYegyg-ap0rG-PqfxiyYDAyeocgpTuoKCahhNH9lGd-3ybCcMQQCvlhrfPM2S3fgrwmO4apqvpYP6d6IGXnFmCTS-QaNmkQuodXhxb0CUv5Rj4g4usJB7ib-V9gEjv8dwVYCU6sbjPSXJfM8Qa1wmMvDOR-cL12kY6n6ZJ6qY6R_vXmZoSLaL04LQlRcKLWxUCC2yrQMaMszpnO_RPxV8kV_DEaWV6q_jKnK74hU2T8a1OFVRs1cZik=&p=8&fvj=0&vjs=3
Carpenter;Pacific Edge Forming;$24 - $30 an hour;Delta, BC;/pagead/clk?mo=r&ad=-6NYlbfkN0Cu53RkkIee1K1InPpd4QsnXmrRaTpfXRZHB8e7o3zZPxK2dvgQ6DGPQIEvLdnT1MOAAfnbUlTt2rQyAg9pp3vh7eKbLtK16axI6sBbMExm1fIzqUOTxZUdzO6JFxxje717fAquglrGawZ4c5gGuQTHRG45RlG8HsPSlrriKfZG94eCPJ5FcrS7au5SFv0qyrhYZAg159n_opy5CSBEq8N9_CrfjLUt0eLd82iwju4GSO1U0P3HT5a7EPgGjOyp4F7WBqJLL1eSdOXawFiIIBP2yP5W0HwkpZTGcc9IV0QzdFN249SsVqLZAyJStiWp33OtfKZ4JpW9fRhWSREw6F3VqdvTkcop6pomjVxzif29Y39ZbfzVvFcnl12MgfbkuOynZ7sqZSs36_m2-29WqAM2c4tpo3GS9kgDcFH6Nw5w7zPXxZWrDJjyNaJVtdsWVKs=&p=9&fvj=1&vjs=3
Carpenter Assistant;Capilano Builders Ltd.;$20 - $25 an hour;North Vancouver, BC;/company/Capilano-Builders/jobs/Carpenter-Assistant-e03037fd107a3417?fccid=c7129b7531cf9f29&vjs=3
Home-Based Behaviour Interventionist (Various);ABA Learning Centre;None;Richmond, BC;/rc/clk?jk=d4e0a0818368373e&fccid=1aba3387b77c2e72&vjs=3
Custom Cabinet Maker;Axon Cabinets;$22 - $25 an hour;Burnaby, BC;/pagead/clk?mo=r&ad=-6NYlbfkN0B-fi5GJqQUqL1CDpmprCXGlTiVtB8JgfZYPr7mShrfIqSfY0nkaJJkgirso9-mmJEMEAAKAAdw8LD-MzwzYfcntFPAKal4avvpiWPYA5lVBra-ANTXXjLVzH-tyIN1C4pWlIkwA2tXdCzoN7TRtDN3KmI8XlzWYpSNgAJfAsQsexj_9uFbs23gro8fqv_tgquVvfdEGgQwHBBmZschkCdGZcmjwqSXLsVdC8WrFPKO4lpvOMFWwAq0nvwOI9bT4hVc75R9NbiHsCTTRTUW3BEJFfLWwU74zvTbEmIcLd3o3dnXiNAXmmB_uoUEb3a1iIKMMV4HvWy2HNQL6dmv2kyZEv0x0nEuVKv7zVcqFq1E0r7sXr8whOZH8V8w5-XeOXn3jz0fPbLnXvydyx0Kfd0LW7N9yaeyeQsbhAUZCqHd42bRip27NidRQEba3VjL4WzatWe0XcxyjWEpojIWFLLU&p=12&fvj=1&vjs=3
Carpenter Helper;The Universal Group;None;Burnaby, BC;/rc/clk?jk=db7c2c1b2b741401&fccid=da3dc2fd46b36a8b&vjs=3
Handyperson - Hendry House;Hollyburn Properties Ltd.;None;Vancouver, BC;/pagead/clk?mo=r&ad=-6NYlbfkN0BPU-lRADqH50T2lwJrLYuM1U9-uf05hKhS_b5d8DS1H9k8IIgtd0DFH65sHi_M8PSB_kSdq2vkSJ3AOj5Fr0dLp9iD9myv5PrvY4H7YEg7alrlnkbfQSnKiZtdKxhrd097_oGRHBvAOdiZCbX7KZk4v8TH5gwDi0sAVzdh2NpXDRJz8jzaS5xW2Tfuwmh-OSTgnPdLjoihJJzEbaXviY6WQuFur6neb2zwfJjyKXcMnM71xh082SpvyxLJK4SHGNOlQyjSzY6T3JJ_PHCphWLHRN65j6mg04Ycbqg3u1hW_mq_XzoETupMGBroXwsQxZDGy_ibo0hUCNykixzmYkEQQRCw6RVHDaXKXLXl2b7L-42i-H3tq7VpdKFZeVxJGGsyUIsicZpRCGYLLjG-eXHOCo_OH2pC2itW3PC6SwzqID0Cs9_usey3-3TOvad5XR2AfhV74F2gTxewFPqM4uEn&p=14&fvj=0&vjs=3
carpenter;Kingsmen Contracting;$27 an hour;North Vancouver, BC;/rc/clk?jk=69ecc0a17e86a8d3&fccid=38ae5b5e3ef4b3ac&vjs=3
carpenter helper;Workstar Framing Ltd;$21 an hour;Vancouver, BC;/rc/clk?jk=4c6417d980708b13&fccid=a9458215812c90ba&vjs=3
Carpenter's Apprentice;JDL Homes Vancouver;None;Vancouver, BC;/rc/clk?jk=0f560a42119ad8b0&fccid=266f99ef35523196&vjs=3
Cabinet Maker Journey People;Nikolai Manufacturing Inc;None;New Westminster, BC;/company/Nikolai-Manufacturing-Inc/jobs/Cabinet-Maker-Journey-People-31bb2047268801c0?fccid=d74dc547c4cd7830&vjs=3
Home-Based Behaviour Interventionist (Various);ABA Learning Centre;None;Richmond, BC;/rc/clk?jk=d4e0a0818368373e&fccid=1aba3387b77c2e72&vjs=3
Apprentice Carpenter (Full Time);Kenchikuya;$18 - $27 an hour;North Vancouver, BC;/rc/clk?jk=1ee93cc2cedcedad&fccid=f66eb2547e12516c&vjs=3
carpenter;Paramax Homes Ltd.;$27 an hour;West Vancouver, BC;/rc/clk?jk=1465846d244d1da7&fccid=bdee7c9820e55d2a&vjs=3
Handyperson - Hendry House;Hollyburn Properties Ltd.;None;Vancouver, BC;/pagead/clk?mo=r&ad=-6NYlbfkN0BPU-lRADqH50T2lwJrLYuM1U9-uf05hKhS_b5d8DS1H9k8IIgtd0DFH65sHi_M8PSB_kSdq2vkSJ3AOj5Fr0dLp9iD9myv5PrvY4H7YEg7alrlnkbfQSnKiZtdKxhrd097_oGRHBvAOdiZCbX7KZk4v8TH5gwDi0sAVzdh2NpXDRJz8jzaS5xW2Tfuwmh-OSQRVf0y9YAMoSdDXwBxpl0KI30ix_AktxrVNkRDRLuBSdvMBKXAUBnRKoP1lF_ZCxUs0MSVYlU47mlGE7rnEDsu_ir_9jGZC1uIIZ1iNvy28mcmF_E8mOz4BTA_e2vf5HqWKKs5sw4SpcqvVt5Ce-pTWuC-4o9_AJu0bvzqm3E235G4SR7y4Ifp5OX5RD7qLQwHrI9FTaVqiMsiqL_1ALFr9S6akdZ_3TQCOjHyBn5tXdeV5gwUg7nxjIh6HfzvZeU5DkZFPcpyOu56DDBpUo-I&p=7&fvj=0&vjs=3
General Labour;Canmex Services Ltd;$18 - $24 an hour;Vancouver, BC;/company/CanMex-Services-Ltd/jobs/General-Labour-715fbb27df46e603?fccid=0eab32f17baf924c&vjs=3
Custom Cabinet Maker;Axon Cabinets;$22 - $25 an hour;Burnaby, BC;/pagead/clk?mo=r&ad=-6NYlbfkN0B-fi5GJqQUqL1CDpmprCXGlTiVtB8JgfZYPr7mShrfIqSfY0nkaJJkgirso9-mmJEMEAAKAAdw8LD-MzwzYfcntFPAKal4avvpiWPYA5lVBra-ANTXXjLVzH-tyIN1C4pWlIkwA2tXdCzoN7TRtDN3KmI8XlzWYpSNgAJfAsQsexj_9uFbs23g9GfbI19mvQlgj9_lMds1b_HTBAPy8Q-7ImejCyuodgyWEAnnUNTI-JqtKJVKteDiNCJHoQOZWWnoSG-fwmtwVqpLBRxKzME2zpulEGcAASJoXpm5f9cgJ2om506BqBEb5MeIEh6pC3H3B1IVlE_hN-fEi-3cs_sjrFQsyJxUHxZ1nePvwK6wLjCN9eGIYDDMGmMt4uIgqd14FdVDl4Nv1xR_aYfFrL8TZTrexdwVJFhv0D_eNt-XBakwlBkwHGiwzYEdpb8aCNPnGEhoZXBc4SZRfHqr7DUx&p=9&fvj=1&vjs=3
Framer Lead Hand;LUX Quality Construction;$25 - $35 an hour;Vancouver, BC;/company/LUX-Quality-Construction/jobs/Framer-Lead-Hand-70ed3368c15087eb?fccid=9e1fc8f416a03274&vjs=3
Precision Woodworker;ChopValue Manufacturing Ltd.;None;Vancouver, BC;/company/ChopValue/jobs/Precision-Woodworker-b791bc8afeaa0454?fccid=04cd17c36977d830&vjs=3
carpenter;Westcorp Developments Ltd.;$27.50 an hour;Delta, BC;/rc/clk?jk=3df96a7e587b8345&fccid=6124a423a97b11f0&vjs=3
framer-carpenter;M.A Woodworking Ltd.;$27.50 an hour;Surrey, BC;/rc/clk?jk=c1b5beca84c39691&fccid=ae72762707c9e351&vjs=3
Joinery/ Cabinet Maker Apprentices;Nikolai Manufacturing Inc;$22 - $25 an hour;New Westminster, BC;/company/Nikolai-Manufacturing-Inc/jobs/Joinery-ed3b77c79642bbcc?fccid=d74dc547c4cd7830&vjs=3
